Time,Watt,Humidity,Pressure,Temperature
07/27/2024 02:01:00,1.4,89,1013.2,21
07/27/2024 02:02:00,1.4,89,1013.2,21
07/27/2024 02:03:00,1.35,89,1013.2,21
07/27/2024 02:04:00,1.35,89,1013.2,21
07/27/2024 02:05:00,1.35,89,1013.2,21
07/27/2024 02:06:00,1.35,89,1013.2,21
07/27/2024 02:07:00,1.34,89,1013.2,21
07/27/2024 02:08:00,1.44,89,1013.2,21
07/27/2024 02:09:00,1.35,89,1013.2,21
07/27/2024 02:10:00,1.3833333,89,1013.2,21
07/27/2024 02:11:00,1.35,89,1013.2,21
07/27/2024 02:12:00,1.35,89,1013.2,21
07/27/2024 02:13:00,1.35,89,1013.2,21
07/27/2024 02:14:00,1.3333334,89,1013.2,21
07/27/2024 02:15:00,1.36,89,1013.2,21
07/27/2024 02:16:00,1.35,89,1013.2,21
07/27/2024 02:17:00,1.35,89,1013.2,21
07/27/2024 02:18:00,1.35,89,1013.2,21
07/27/2024 02:19:00,1.35,89,1013.2,21
07/27/2024 02:20:00,1.35,89,1013.2,21
07/27/2024 02:21:00,1.4,89,1013.2,21
07/27/2024 02:22:00,1.5,89,1013.2,21
07/27/2024 02:23:00,1.3857143,89,1013.2,21
07/27/2024 02:24:00,1.3857143,89,1013.2,21
07/27/2024 02:25:00,1.3,89,1013.2,21
07/27/2024 02:26:00,1.4,89,1013.2,21
07/27/2024 02:27:00,1.35,89,1013.2,21
07/27/2024 02:28:00,1.35,89,1013.2,21
07/27/2024 02:29:00,1.35,89,1013.2,21
07/27/2024 02:30:00,1.35,89,1013.2,21
07/27/2024 02:31:00,1.35,89,1013.2,21
07/27/2024 02:32:00,1.45,89,1013.2,21
07/27/2024 02:33:00,1.4,89,1013.2,21
07/27/2024 02:34:00,1.4,89,1013.2,21
07/27/2024 02:35:00,1.35,89,1013.2,21
07/27/2024 02:36:00,1.4,89,1013.2,21
07/27/2024 02:37:00,1.4,89,1013.2,21
07/27/2024 02:38:00,1.35,89,1013.2,21
07/27/2024 02:39:00,1.35,89,1013.2,21
07/27/2024 02:40:00,1.35,89,1013.2,21
07/27/2024 02:41:00,1.35,89,1013.2,21
07/27/2024 02:42:00,1.35,89,1013.2,21
07/27/2024 02:43:00,1.35,89,1013.2,21
07/27/2024 02:44:00,1.35,89,1013.2,21
07/27/2024 02:45:00,1.35,89,1013.2,21
07/27/2024 02:46:00,1.3333334,89,1013.2,21
07/27/2024 02:47:00,1.3666667,89,1013.2,21
07/27/2024 02:48:00,1.35,89,1013.2,21
07/27/2024 02:49:00,1.35,89,1013.2,21
07/27/2024 02:50:00,1.35,89,1013.2,21
07/27/2024 02:51:00,1.45,89,1013.2,21
07/27/2024 02:52:00,1.45,89,1013.2,21
07/27/2024 02:53:00,1.35,89,1013.2,21
07/27/2024 02:54:00,1.35,89,1013.2,21
07/27/2024 02:55:00,1.35,89,1013.2,21
07/27/2024 02:56:00,1.35,89,1013.2,21
07/27/2024 02:57:00,1.35,89,1013.2,21
07/27/2024 02:58:00,1.35,89,1013.2,21
07/27/2024 02:59:00,1.38,89,1013.2,21
07/27/2024 03:00:00,1.4,89,1013.2,21
07/27/2024 03:01:00,1.4,89,1013.2,21
07/27/2024 03:02:00,1.3833333,89,1013.2,21
07/27/2024 03:03:00,1.3,89,1013.2,21
07/27/2024 03:04:00,1.4,89,1013.2,21
07/27/2024 03:05:00,1.4,89,1013.2,21
07/27/2024 03:06:00,1.35,89,1013.2,21
07/27/2024 03:07:00,1.35,89,1013.2,21
07/27/2024 03:08:00,1.35,89,1013.2,21
07/27/2024 03:09:00,1.35,89,1013.2,21
07/27/2024 03:10:00,1.45,89,1013.2,21
07/27/2024 03:11:00,1.3333334,89,1013.2,21
07/27/2024 03:12:00,1.3666667,89,1013.2,21
07/27/2024 03:13:00,1.45,89,1013.2,21
07/27/2024 03:14:00,1.45,89,1013.2,21
07/27/2024 03:15:00,1.35,89,1013.2,21
07/27/2024 03:16:00,1.35,89,1013.2,21
07/27/2024 03:17:00,1.35,89,1013.2,21
07/27/2024 03:18:00,1.35,89,1013.2,21
07/27/2024 03:19:00,1.35,87,1013.2,21
07/27/2024 03:20:00,1.45,87,1013.2,21
07/27/2024 03:21:00,1.375,87,1013.2,21
07/27/2024 03:22:00,1.35,87,1013.2,21
07/27/2024 03:23:00,1.3333334,87,1013.2,21
07/27/2024 03:24:00,1.3666667,87,1013.2,21
07/27/2024 03:25:00,1.35,87,1013.2,21
07/27/2024 03:26:00,1.35,87,1013.2,21
07/27/2024 03:27:00,1.35,87,1013.2,21
07/27/2024 03:28:00,1.4,87,1013.2,21
07/27/2024 03:29:00,1.4,87,1013.2,21
07/27/2024 03:30:00,1.45,87,1013.2,21
07/27/2024 03:31:00,1.35,87,1013.2,21
07/27/2024 03:32:00,1.35,87,1013.2,21
07/27/2024 03:33:00,1.35,87,1013.2,21
07/27/2024 03:34:00,1.35,87,1013.2,21
07/27/2024 03:35:00,1.35,87,1013.2,21
07/27/2024 03:36:00,1.35,87,1013.2,21
07/27/2024 03:37:00,1.35,87,1013.2,21
07/27/2024 03:38:00,1.35,87,1013.2,21
07/27/2024 03:39:00,1.4,87,1013.2,21
07/27/2024 03:40:00,1.4,87,1013.2,21
07/27/2024 03:41:00,1.4,87,1013.2,21
07/27/2024 03:42:00,1.45,87,1013.2,21
07/27/2024 03:43:00,1.4,87,1013.2,21
07/27/2024 03:44:00,1.45,87,1013.2,21
07/27/2024 03:45:00,1.375,87,1013.2,21
07/27/2024 03:46:00,1.38,87,1013.2,21
07/27/2024 03:47:00,1.38,87,1013.2,21
07/27/2024 03:48:00,1.3666667,87,1013.2,21
07/27/2024 03:49:00,1.3,87,1013.2,21
07/27/2024 03:50:00,1.3666667,87,1013.2,21
07/27/2024 03:51:00,1.35,87,1013.2,21
07/27/2024 03:52:00,1.3,87,1013.2,21
07/27/2024 03:53:00,1.3666667,87,1013.2,21
07/27/2024 03:54:00,1.42,87,1013.2,21
07/27/2024 03:55:00,1.42,87,1013.2,21
07/27/2024 03:56:00,1.42,87,1013.2,21
07/27/2024 03:57:00,1.3,87,1013.2,21
07/27/2024 03:58:00,1.3571428,87,1013.2,21
07/27/2024 03:59:00,1.3571428,87,1013.2,21
07/27/2024 04:00:00,1.35,87,1013.2,21
07/27/2024 04:01:00,1.375,87,1013.2,21
07/27/2024 04:02:00,1.35,87,1013.2,21
07/27/2024 04:03:00,1.35,87,1013.2,21
07/27/2024 04:04:00,1.35,87,1013.2,21
07/27/2024 04:05:00,1.35,87,1013.2,21
07/27/2024 04:06:00,1.35,87,1013.2,21
07/27/2024 04:07:00,1.35,87,1013.2,21
07/27/2024 04:08:00,1.35,87,1013.2,21
07/27/2024 04:09:00,1.42,87,1013.2,21
07/27/2024 04:10:00,1.4,87,1013.2,21
07/27/2024 04:11:00,1.35,87,1013.2,21
07/27/2024 04:12:00,1.4,87,1013.2,21
07/27/2024 04:13:00,1.35,87,1013.2,21
07/27/2024 04:14:00,1.35,87,1013.2,21
07/27/2024 04:15:00,1.35,87,1013.2,21
07/27/2024 04:16:00,1.45,87,1013.2,21
07/27/2024 04:17:00,1.35,87,1013.2,21
07/27/2024 04:18:00,1.35,87,1013.2,21
07/27/2024 04:19:00,1.35,87,1013.2,21
07/27/2024 04:20:00,1.35,87,1013.2,21
07/27/2024 04:21:00,1.35,87,1013.2,21
07/27/2024 04:22:00,1.34,87,1013.2,21
07/27/2024 04:23:00,1.3666667,91,1012.9,21
07/27/2024 04:24:00,1.35,91,1012.9,21
07/27/2024 04:25:00,1.35,91,1012.9,21
07/27/2024 04:26:00,1.35,91,1012.9,21
07/27/2024 04:27:00,1.3,91,1012.9,21
07/27/2024 04:28:00,1.3666667,91,1012.9,21
07/27/2024 04:29:00,1.35,91,1012.9,21
07/27/2024 04:30:00,1.35,91,1012.9,21
07/27/2024 04:31:00,1.35,91,1012.9,21
07/27/2024 04:32:00,1.35,91,1012.9,21
07/27/2024 04:33:00,1.35,91,1012.9,21
07/27/2024 04:34:00,1.35,91,1012.9,21
07/27/2024 04:35:00,1.35,91,1012.9,21
07/27/2024 04:36:00,1.35,91,1012.9,21
07/27/2024 04:37:00,1.35,91,1012.9,21
07/27/2024 04:38:00,1.35,91,1012.9,21
07/27/2024 04:39:00,1.35,91,1012.9,21
07/27/2024 04:40:00,1.4,91,1012.9,21
07/27/2024 04:41:00,1.3833333,91,1012.9,21
07/27/2024 04:42:00,1.4,91,1012.9,21
07/27/2024 04:43:00,1.3333334,91,1012.9,21
07/27/2024 04:44:00,1.3666667,91,1012.9,21
07/27/2024 04:45:00,1.38,91,1012.9,21
07/27/2024 04:46:00,1.3714286,91,1012.9,21
07/27/2024 04:47:00,1.35,91,1012.9,21
07/27/2024 04:48:00,1.35,91,1012.9,21
07/27/2024 04:49:00,1.35,91,1012.9,21
07/27/2024 04:50:00,1.35,91,1012.9,21
07/27/2024 04:51:00,1.4,91,1012.9,21
07/27/2024 04:52:00,1.4,91,1012.9,21
07/27/2024 04:53:00,1.35,91,1012.9,21
07/27/2024 04:54:00,1.4,91,1012.9,21
07/27/2024 04:55:00,1.45,91,1012.9,21
07/27/2024 04:56:00,1.35,91,1012.9,21
07/27/2024 04:57:00,1.45,91,1012.9,21
07/27/2024 04:58:00,1.5,91,1012.9,21
07/27/2024 04:59:00,1.5,91,1012.9,21
07/27/2024 05:00:00,1.5,91,1012.9,21
07/27/2024 05:01:00,1.35,91,1012.9,21
07/27/2024 05:02:00,1.35,91,1012.9,21
07/27/2024 05:03:00,1.35,91,1012.9,21
07/27/2024 05:04:00,1.35,91,1012.9,21
07/27/2024 05:05:00,1.35,91,1012.9,21
07/27/2024 05:06:00,1.35,91,1012.9,21
07/27/2024 05:07:00,1.35,91,1012.9,21
07/27/2024 05:08:00,1.35,91,1012.9,21
07/27/2024 05:09:00,1.45,91,1012.9,21
07/27/2024 05:10:00,1.45,91,1012.9,21
07/27/2024 05:11:00,1.35,91,1012.9,21
07/27/2024 05:12:00,1.35,91,1012.9,21
07/27/2024 05:13:00,1.35,91,1012.9,21
07/27/2024 05:14:00,1.35,91,1012.9,21
07/27/2024 05:15:00,1.35,91,1012.9,21
07/27/2024 05:16:00,1.35,91,1012.9,21
07/27/2024 05:17:00,1.45,91,1012.9,21
07/27/2024 05:18:00,1.35,91,1012.9,21
07/27/2024 05:19:00,1.35,91,1012.9,21
07/27/2024 05:20:00,1.45,91,1012.9,21
07/27/2024 05:21:00,1.38,91,1012.9,21
07/27/2024 05:22:00,1.4333333,91,1012.9,21
07/27/2024 05:23:00,1.35,91,1012.9,21
07/27/2024 05:24:00,1.34,91,1012.9,21
07/27/2024 05:25:00,1.36,91,1012.9,21
07/27/2024 05:26:00,1.3333334,91,1012.9,21
07/27/2024 05:27:00,1.36,89,1012.7,21
07/27/2024 05:28:00,1.35,89,1012.7,21
07/27/2024 05:29:00,1.35,89,1012.7,21
07/27/2024 05:30:00,1.35,89,1012.7,21
07/27/2024 05:31:00,1.35,89,1012.7,21
07/27/2024 05:32:00,1.5,89,1012.7,21
07/27/2024 05:33:00,1.36,89,1012.7,21
07/27/2024 05:34:00,1.3,89,1012.7,21
07/27/2024 05:35:00,1.3571428,89,1012.7,21
07/27/2024 05:36:00,1.3571428,89,1012.7,21
07/27/2024 05:37:00,1.35,89,1012.7,21
07/27/2024 05:38:00,1.35,89,1012.7,21
07/27/2024 05:39:00,1.35,89,1012.7,21
07/27/2024 05:40:00,1.35,89,1012.7,21
07/27/2024 05:41:00,1.35,89,1012.7,21
07/27/2024 05:42:00,1.35,89,1012.7,21
07/27/2024 05:43:00,1.4,89,1012.7,21
07/27/2024 05:44:00,1.35,89,1012.7,21
07/27/2024 05:45:00,1.35,89,1012.7,21
07/27/2024 05:46:00,1.5,89,1012.7,21
07/27/2024 05:47:00,1.3666667,89,1012.7,21
07/27/2024 05:48:00,1.35,89,1012.7,21
07/27/2024 05:49:00,1.35,89,1012.7,21
07/27/2024 05:50:00,1.35,89,1012.7,21
07/27/2024 05:51:00,1.35,89,1012.7,21
07/27/2024 05:52:00,1.35,89,1012.7,21
07/27/2024 05:53:00,1.35,89,1012.7,21
07/27/2024 05:54:00,1.35,89,1012.7,21
07/27/2024 05:55:00,1.35,89,1012.7,21
07/27/2024 05:56:00,1.35,89,1012.7,21
07/27/2024 05:57:00,1.35,89,1012.7,21
07/27/2024 05:58:00,1.35,89,1012.7,21
07/27/2024 05:59:00,1.35,89,1012.7,21
07/27/2024 06:00:00,1.35,89,1012.7,21
07/27/2024 06:01:00,1.35,89,1012.7,21
07/27/2024 06:02:00,1.35,89,1012.7,21
07/27/2024 06:03:00,1.45,89,1012.7,21
07/27/2024 06:04:00,1.45,89,1012.7,21
07/27/2024 06:05:00,1.45,89,1012.7,21
07/27/2024 06:06:00,1.45,89,1012.7,21
07/27/2024 06:07:00,1.45,89,1012.7,21
07/27/2024 06:08:00,1.4,89,1012.7,21
07/27/2024 06:09:00,1.35,89,1012.7,21
07/27/2024 06:10:00,1.35,89,1012.7,21
07/27/2024 06:11:00,1.35,89,1012.7,21
07/27/2024 06:12:00,1.35,89,1012.7,21
07/27/2024 06:13:00,1.3,89,1012.7,21
07/27/2024 06:14:00,1.3666667,89,1012.7,21
07/27/2024 06:15:00,1.3666667,89,1012.7,21
07/27/2024 06:16:00,1.3666667,89,1012.7,21
07/27/2024 06:17:00,1.3333334,89,1012.7,21
07/27/2024 06:18:00,1.4,89,1012.7,21
07/27/2024 06:19:00,1.35,89,1012.7,21
07/27/2024 06:20:00,1.35,89,1012.7,21
07/27/2024 06:21:00,1.38,89,1012.7,21
07/27/2024 06:22:00,1.35,89,1012.7,21
07/27/2024 06:23:00,1.4,89,1012.7,21
07/27/2024 06:24:00,1.35,89,1012.7,21
07/27/2024 06:25:00,1.38,89,1012.7,21
07/27/2024 06:26:00,1.35,89,1012.7,21
07/27/2024 06:27:00,1.3666667,89,1012.7,21
07/27/2024 06:28:00,1.45,89,1012.7,21
07/27/2024 06:29:00,1.45,89,1012.7,21
07/27/2024 06:30:00,1.35,89,1012.7,21
07/27/2024 06:31:00,1.3833333,88,1012.5,21
07/27/2024 06:32:00,1.45,88,1012.5,21
07/27/2024 06:33:00,1.4,88,1012.5,21
07/27/2024 06:34:00,1.3666667,88,1012.5,21
07/27/2024 06:35:00,1.3333334,88,1012.5,21
07/27/2024 06:36:00,1.3666667,88,1012.5,21
07/27/2024 06:37:00,1.35,88,1012.5,21
07/27/2024 06:38:00,1.35,88,1012.5,21
07/27/2024 06:39:00,1.4,88,1012.5,21
07/27/2024 06:40:00,1.42,88,1012.5,21
07/27/2024 06:41:00,1.3666667,88,1012.5,21
07/27/2024 06:42:00,1.4,88,1012.5,21
07/27/2024 06:43:00,1.45,88,1012.5,21
07/27/2024 06:44:00,1.35,88,1012.5,21
07/27/2024 06:45:00,1.4,88,1012.5,21
07/27/2024 06:46:00,1.4,88,1012.5,21
07/27/2024 06:47:00,1.4,88,1012.5,21
07/27/2024 06:48:00,1.4,88,1012.5,21
07/27/2024 06:49:00,1.38,88,1012.5,21
07/27/2024 06:50:00,1.35,88,1012.5,21
07/27/2024 06:51:00,1.3666667,88,1012.5,21
07/27/2024 06:52:00,1.35,88,1012.5,21
07/27/2024 06:53:00,1.35,88,1012.5,21
07/27/2024 06:54:00,1.35,88,1012.5,21
07/27/2024 06:55:00,1.35,88,1012.5,21
07/27/2024 06:56:00,1.35,88,1012.5,21
07/27/2024 06:57:00,1.35,88,1012.5,21
07/27/2024 06:58:00,1.35,88,1012.5,21
07/27/2024 06:59:00,1.4,88,1012.5,21
07/27/2024 07:00:00,1.3666667,88,1012.5,21
07/27/2024 07:01:00,1.35,88,1012.5,21
07/27/2024 07:02:00,1.35,88,1012.5,21
07/27/2024 07:03:00,1.35,88,1012.5,21
07/27/2024 07:04:00,1.38,88,1012.5,21
07/27/2024 07:05:00,1.3,88,1012.5,21
07/27/2024 07:06:00,1.3833333,88,1012.5,21
07/27/2024 07:07:00,1.45,88,1012.5,21
07/27/2024 07:08:00,1.35,88,1012.5,21
07/27/2024 07:09:00,1.35,88,1012.5,21
07/27/2024 07:10:00,1.35,88,1012.5,21
07/27/2024 07:11:00,1.45,88,1012.5,21
07/27/2024 07:12:00,1.3833333,88,1012.5,21
07/27/2024 07:13:00,1.3833333,88,1012.5,21
07/27/2024 07:14:00,1.45,88,1012.5,21
07/27/2024 07:15:00,1.45,88,1012.5,21
07/27/2024 07:16:00,1.4,88,1012.5,21
07/27/2024 07:17:00,1.4,88,1012.5,21
07/27/2024 07:18:00,1.35,88,1012.5,21
07/27/2024 07:19:00,1.35,88,1012.5,21
07/27/2024 07:20:00,1.38,88,1012.5,21
07/27/2024 07:21:00,1.4333333,88,1012.5,21
07/27/2024 07:22:00,1.35,88,1012.5,21
07/27/2024 07:23:00,1.35,88,1012.5,21
07/27/2024 07:24:00,1.35,88,1012.5,21
07/27/2024 07:25:00,1.45,88,1012.5,21
07/27/2024 07:26:00,1.45,88,1012.5,21
07/27/2024 07:27:00,1.45,88,1012.5,21
07/27/2024 07:28:00,1.35,88,1012.5,21
07/27/2024 07:29:00,1.4,88,1012.5,21
07/27/2024 07:30:00,1.4,88,1012.5,21
07/27/2024 07:31:00,1.4,88,1012.5,21
07/27/2024 07:32:00,1.45,88,1012.5,21
07/27/2024 07:33:00,1.45,88,1012.5,21
07/27/2024 07:34:00,1.35,88,1012.5,21
07/27/2024 07:35:00,1.35,90,1012.7,21
07/27/2024 07:36:00,1.3,90,1012.7,21
07/27/2024 07:37:00,1.4428571,90,1012.7,21
07/27/2024 07:38:00,1.35,90,1012.7,21
07/27/2024 07:39:00,1.35,90,1012.7,21
07/27/2024 07:40:00,1.35,90,1012.7,21
07/27/2024 07:41:00,1.3333334,90,1012.7,21
07/27/2024 07:42:00,1.4,90,1012.7,21
07/27/2024 07:43:00,1.3666667,90,1012.7,21
07/27/2024 07:44:00,1.3714286,90,1012.7,21
07/27/2024 07:45:00,1.3666667,90,1012.7,21
07/27/2024 07:46:00,1.35,90,1012.7,21
07/27/2024 07:47:00,1.35,90,1012.7,21
07/27/2024 07:48:00,1.35,90,1012.7,21
07/27/2024 07:49:00,1.3714286,90,1012.7,21
07/27/2024 07:50:00,1.3666667,90,1012.7,21
07/27/2024 07:51:00,1.3666667,90,1012.7,21
07/27/2024 07:52:00,1.35,90,1012.7,21
07/27/2024 07:53:00,1.35,90,1012.7,21
07/27/2024 07:54:00,1.35,90,1012.7,21
07/27/2024 07:55:00,1.45,90,1012.7,21
07/27/2024 07:56:00,1.45,90,1012.7,21
07/27/2024 07:57:00,1.35,90,1012.7,21
07/27/2024 07:58:00,1.35,90,1012.7,21
07/27/2024 07:59:00,1.45,90,1012.7,21
07/27/2024 08:00:00,1.45,90,1012.7,21
07/27/2024 08:01:00,1.35,90,1012.7,21
07/27/2024 08:02:00,1.35,90,1012.7,21
07/27/2024 08:03:00,1.35,90,1012.7,21
07/27/2024 08:04:00,1.3333334,90,1012.7,21
07/27/2024 08:05:00,1.4,90,1012.7,21
07/27/2024 08:06:00,1.35,90,1012.7,21
07/27/2024 08:07:00,1.45,90,1012.7,21
07/27/2024 08:08:00,1.35,90,1012.7,21
07/27/2024 08:09:00,1.35,90,1012.7,21
07/27/2024 08:10:00,1.35,90,1012.7,21
07/27/2024 08:11:00,1.35,90,1012.7,21
07/27/2024 08:12:00,1.35,90,1012.7,21
07/27/2024 08:13:00,1.35,90,1012.7,21
07/27/2024 08:14:00,1.35,90,1012.7,21
07/27/2024 08:15:00,1.35,90,1012.7,21
07/27/2024 08:16:00,1.35,90,1012.7,21
07/27/2024 08:17:00,1.4,90,1012.7,21
07/27/2024 08:18:00,1.35,90,1012.7,21
07/27/2024 08:19:00,1.35,90,1012.7,21
07/27/2024 08:20:00,1.35,90,1012.7,21
07/27/2024 08:21:00,1.35,90,1012.7,21
07/27/2024 08:22:00,1.35,90,1012.7,21
07/27/2024 08:23:00,1.35,90,1012.7,21
07/27/2024 08:24:00,1.35,90,1012.7,21
07/27/2024 08:25:00,1.35,90,1012.7,21
07/27/2024 08:26:00,1.4,90,1012.7,21
07/27/2024 08:27:00,1.35,90,1012.7,21
07/27/2024 08:28:00,1.4,90,1012.7,21
07/27/2024 08:29:00,1.3666667,90,1012.7,21
07/27/2024 08:30:00,1.35,90,1012.7,21
07/27/2024 08:31:00,1.35,90,1012.7,21
07/27/2024 08:32:00,1.35,90,1012.7,21
07/27/2024 08:33:00,1.35,90,1012.7,21
07/27/2024 08:34:00,1.35,90,1012.7,21
07/27/2024 08:35:00,1.35,90,1012.7,21
07/27/2024 08:36:00,1.35,90,1012.7,21
07/27/2024 08:37:00,1.3333334,90,1012.7,21
07/27/2024 08:38:00,1.3666667,90,1012.7,21
07/27/2024 08:39:00,1.4,90,1013.2,21
07/27/2024 08:40:00,1.4,90,1013.2,21
07/27/2024 08:41:00,1.4333333,90,1013.2,21
07/27/2024 08:42:00,1.35,90,1013.2,21
07/27/2024 08:43:00,1.35,90,1013.2,21
07/27/2024 08:44:00,1.35,90,1013.2,21
07/27/2024 08:45:00,1.35,90,1013.2,21
07/27/2024 08:46:00,1.3833333,90,1013.2,21
07/27/2024 08:47:00,1.35,90,1013.2,21
07/27/2024 08:48:00,1.35,90,1013.2,21
07/27/2024 08:49:00,1.3833333,90,1013.2,21
07/27/2024 08:50:00,1.35,90,1013.2,21
07/27/2024 08:51:00,1.4,90,1013.2,21
07/27/2024 08:52:00,1.35,90,1013.2,21
07/27/2024 08:53:00,1.35,90,1013.2,21
07/27/2024 08:54:00,1.35,90,1013.2,21
07/27/2024 08:55:00,1.35,90,1013.2,21
07/27/2024 08:56:00,1.35,90,1013.2,21
07/27/2024 08:57:00,1.4,90,1013.2,21
07/27/2024 08:58:00,1.35,90,1013.2,21
07/27/2024 08:59:00,1.45,90,1013.2,21
07/27/2024 09:00:00,1.38,90,1013.2,21
07/27/2024 09:01:00,1.4,90,1013.2,21
07/27/2024 09:02:00,1.35,90,1013.2,21
07/27/2024 09:03:00,1.45,90,1013.2,21
07/27/2024 09:04:00,1.35,90,1013.2,21
07/27/2024 09:05:00,1.45,90,1013.2,21
07/27/2024 09:06:00,1.35,90,1013.2,21
07/27/2024 09:07:00,1.34,90,1013.2,21
07/27/2024 09:08:00,1.4,90,1013.2,21
07/27/2024 09:09:00,1.4,90,1013.2,21
07/27/2024 09:10:00,1.3666667,90,1013.2,21
07/27/2024 09:11:00,1.35,90,1013.2,21
07/27/2024 09:12:00,1.3833333,90,1013.2,21
07/27/2024 09:13:00,1.35,90,1013.2,21
07/27/2024 09:14:00,1.3333334,90,1013.2,21
07/27/2024 09:15:00,1.35,90,1013.2,21
07/27/2024 09:16:00,1.3666667,90,1013.2,21
07/27/2024 09:17:00,1.35,90,1013.2,21
07/27/2024 09:18:00,1.35,90,1013.2,21
07/27/2024 09:19:00,1.35,90,1013.2,21
07/27/2024 09:20:00,1.35,90,1013.2,21
07/27/2024 09:21:00,1.35,90,1013.2,21
07/27/2024 09:22:00,1.35,90,1013.2,21
07/27/2024 09:23:00,1.35,90,1013.2,21
07/27/2024 09:24:00,1.35,90,1013.2,21
07/27/2024 09:25:00,1.35,90,1013.2,21
07/27/2024 09:26:00,1.3333334,90,1013.2,21
07/27/2024 09:27:00,1.4,90,1013.2,21
07/27/2024 09:28:00,1.4,90,1013.2,21
07/27/2024 09:29:00,1.35,90,1013.2,21
07/27/2024 09:30:00,1.35,90,1013.2,21
07/27/2024 09:31:00,1.4,90,1013.2,21
07/27/2024 09:32:00,1.35,90,1013.2,21
07/27/2024 09:33:00,1.35,90,1013.2,21
07/27/2024 09:34:00,1.35,90,1013.2,21
07/27/2024 09:35:00,1.35,90,1013.2,21
07/27/2024 09:36:00,1.35,90,1013.2,21
07/27/2024 09:37:00,1.4,90,1013.2,21
07/27/2024 09:38:00,1.4,90,1013.2,21
07/27/2024 09:39:00,1.4,90,1013.2,21
07/27/2024 09:40:00,1.425,90,1013.2,21
07/27/2024 09:41:00,1.36,90,1013.2,21
07/27/2024 09:42:00,1.45,90,1013.2,21
07/27/2024 09:43:00,1.35,84,1013.9,21
07/27/2024 09:44:00,1.35,84,1013.9,21
07/27/2024 09:45:00,1.35,84,1013.9,21
07/27/2024 09:46:00,1.35,84,1013.9,21
07/27/2024 09:47:00,1.35,84,1013.9,21
07/27/2024 09:48:00,1.35,84,1013.9,21
07/27/2024 09:49:00,1.4,84,1013.9,21
07/27/2024 09:50:00,1.35,84,1013.9,21
07/27/2024 09:51:00,1.36,84,1013.9,21
07/27/2024 09:52:00,1.35,84,1013.9,21
07/27/2024 09:53:00,1.35,84,1013.9,21
07/27/2024 09:54:00,1.35,84,1013.9,21
07/27/2024 09:55:00,1.35,84,1013.9,21
07/27/2024 09:56:00,1.35,84,1013.9,21
07/27/2024 09:57:00,1.35,84,1013.9,21
07/27/2024 09:58:00,1.35,84,1013.9,21
07/27/2024 09:59:00,1.4166666,84,1013.9,21
07/27/2024 10:00:00,1.4166666,84,1013.9,21
07/27/2024 10:01:00,1.4,84,1013.9,21
07/27/2024 10:02:00,1.35,84,1013.9,21
07/27/2024 10:03:00,1.35,84,1013.9,21
07/27/2024 10:04:00,1.4,84,1013.9,21
07/27/2024 10:05:00,1.4,84,1013.9,21
07/27/2024 10:06:00,1.38,84,1013.9,21
07/27/2024 10:07:00,1.4,84,1013.9,21
07/27/2024 10:08:00,1.3,84,1013.9,21
07/27/2024 10:09:00,1.45,84,1013.9,21
07/27/2024 10:10:00,1.35,84,1013.9,21
07/27/2024 10:11:00,1.35,84,1013.9,21
07/27/2024 10:12:00,1.3333334,84,1013.9,21
07/27/2024 10:13:00,1.3555555,84,1013.9,21
07/27/2024 10:14:00,1.35,84,1013.9,21
07/27/2024 10:15:00,1.3666667,84,1013.9,21
07/27/2024 10:16:00,1.3666667,84,1013.9,21
07/27/2024 10:17:00,1.45,84,1013.9,21
07/27/2024 10:18:00,1.3333334,84,1013.9,21
07/27/2024 10:19:00,1.3666667,84,1013.9,21
07/27/2024 10:20:00,1.3666667,84,1013.9,21
07/27/2024 10:21:00,1.35,84,1013.9,21
07/27/2024 10:22:00,1.4,84,1013.9,21
07/27/2024 10:23:00,1.35,84,1013.9,21
07/27/2024 10:24:00,1.35,84,1013.9,21
07/27/2024 10:25:00,1.35,84,1013.9,21
07/27/2024 10:26:00,1.35,84,1013.9,21
07/27/2024 10:27:00,1.4,84,1013.9,21
07/27/2024 10:28:00,1.35,84,1013.9,21
07/27/2024 10:29:00,1.35,84,1013.9,21
07/27/2024 10:30:00,1.35,84,1013.9,21
07/27/2024 10:31:00,1.35,84,1013.9,21
07/27/2024 10:32:00,1.35,84,1013.9,21
07/27/2024 10:33:00,1.35,84,1013.9,21
07/27/2024 10:34:00,1.35,84,1013.9,21
07/27/2024 10:35:00,1.35,84,1013.9,21
07/27/2024 10:36:00,1.35,84,1013.9,21
07/27/2024 10:37:00,1.3,84,1013.9,21
07/27/2024 10:38:00,1.3666667,84,1013.9,21
07/27/2024 10:39:00,1.3666667,84,1013.9,21
07/27/2024 10:40:00,1.3666667,84,1013.9,21
07/27/2024 10:41:00,1.35,84,1013.9,21
07/27/2024 10:42:00,1.35,84,1013.9,21
07/27/2024 10:43:00,1.35,84,1013.9,21
07/27/2024 10:44:00,1.35,84,1013.9,21
07/27/2024 10:45:00,1.4,84,1013.9,21
07/27/2024 10:46:00,1.375,84,1013.9,21
07/27/2024 10:47:00,1.35,84,1014.3,21
07/27/2024 10:48:00,1.36,84,1014.3,21
07/27/2024 10:49:00,1.35,84,1014.3,21
07/27/2024 10:50:00,1.35,84,1014.3,21
07/27/2024 10:51:00,1.35,84,1014.3,21
07/27/2024 10:52:00,1.35,84,1014.3,21
07/27/2024 10:53:00,1.35,84,1014.3,21
07/27/2024 10:54:00,1.4,84,1014.3,21
07/27/2024 10:55:00,1.35,84,1014.3,21
07/27/2024 10:56:00,1.35,84,1014.3,21
07/27/2024 10:57:00,1.35,84,1014.3,21
07/27/2024 10:58:00,1.35,84,1014.3,21
07/27/2024 10:59:00,1.35,84,1014.3,21
07/27/2024 11:00:00,1.4,84,1014.3,21
07/27/2024 11:01:00,1.4,84,1014.3,21
07/27/2024 11:02:00,1.35,84,1014.3,21
07/27/2024 11:03:00,1.45,84,1014.3,21
07/27/2024 11:04:00,1.45,84,1014.3,21
07/27/2024 11:05:00,1.3333334,84,1014.3,21
07/27/2024 11:06:00,1.3666667,84,1014.3,21
07/27/2024 11:07:00,1.3333334,84,1014.3,21
07/27/2024 11:08:00,1.3666667,84,1014.3,21
07/27/2024 11:09:00,1.3666667,84,1014.3,21
07/27/2024 11:10:00,1.35,84,1014.3,21
07/27/2024 11:11:00,1.4,84,1014.3,21
07/27/2024 11:12:00,86.9625,84,1014.3,21
07/27/2024 11:13:00,347.36667,84,1014.3,21
07/27/2024 11:14:00,365.3,84,1014.3,21
07/27/2024 11:15:00,375.70834,84,1014.3,21
07/27/2024 11:16:00,378.53638,84,1014.3,21
07/27/2024 11:17:00,376.55,84,1014.3,21
07/27/2024 11:18:00,374.275,84,1014.3,21
07/27/2024 11:19:00,371.45,84,1014.3,21
07/27/2024 11:20:00,374.45834,84,1014.3,21
07/27/2024 11:21:00,374.63635,84,1014.3,21
07/27/2024 11:22:00,382.10834,84,1014.3,21
07/27/2024 11:23:00,380.50833,84,1014.3,21
07/27/2024 11:24:00,380.3818,84,1014.3,21
07/27/2024 11:25:00,382.625,84,1014.3,21
07/27/2024 11:26:00,387.13333,84,1014.3,21
07/27/2024 11:27:00,383.81818,84,1014.3,21
07/27/2024 11:28:00,390.51666,84,1014.3,21
07/27/2024 11:29:00,387.96667,84,1014.3,21
07/27/2024 11:30:00,394.3,84,1014.3,21
07/27/2024 11:31:00,391.56668,84,1014.3,21
07/27/2024 11:32:00,396.175,84,1014.3,21
07/27/2024 11:33:00,397.14166,84,1014.3,21
07/27/2024 11:34:00,399.175,84,1014.3,21
07/27/2024 11:35:00,399.89,84,1014.3,21
07/27/2024 11:36:00,402.14166,84,1014.3,21
07/27/2024 11:37:00,404.96667,84,1014.3,21
07/27/2024 11:38:00,405.76666,84,1014.3,21
07/27/2024 11:39:00,405.225,84,1014.3,21
07/27/2024 11:40:00,405.2,84,1014.3,21
07/27/2024 11:41:00,405.6,84,1014.3,21
07/27/2024 11:42:00,406.225,84,1014.3,21
07/27/2024 11:43:00,411.11667,84,1014.3,21
07/27/2024 11:44:00,410.68332,84,1014.3,21
07/27/2024 11:45:00,413.29166,84,1014.3,21
07/27/2024 11:46:00,413.875,84,1014.3,21
07/27/2024 11:47:00,419.49,84,1014.3,21
07/27/2024 11:48:00,420.5091,84,1014.3,21
07/27/2024 11:49:00,418.72726,84,1014.3,21
07/27/2024 11:50:00,416.94547,84,1014.3,21
07/27/2024 11:51:00,423.14,81,1014.1,21
07/27/2024 11:52:00,423.13635,81,1014.1,21
07/27/2024 11:53:00,426.14545,81,1014.1,21
07/27/2024 11:54:00,423.325,81,1014.1,21
07/27/2024 11:55:00,426.225,81,1014.1,21
07/27/2024 11:56:00,424.1,81,1014.1,21
07/27/2024 11:57:00,427.8,81,1014.1,21
07/27/2024 11:58:00,426.48334,81,1014.1,21
07/27/2024 11:59:00,429.95834,81,1014.1,21
07/27/2024 12:00:00,429.02728,81,1014.1,21
07/27/2024 12:01:00,433.225,81,1014.1,21
07/27/2024 12:02:00,431.24545,81,1014.1,21
07/27/2024 12:03:00,433.17273,81,1014.1,21
07/27/2024 12:04:00,432.91818,81,1014.1,21
07/27/2024 12:05:00,434.9,81,1014.1,21
07/27/2024 12:06:00,434.825,81,1014.1,21
07/27/2024 12:07:00,435.45834,81,1014.1,21
07/27/2024 12:08:00,435.05453,81,1014.1,21
07/27/2024 12:09:00,438.05453,81,1014.1,21
07/27/2024 12:10:00,435.975,81,1014.1,21
07/27/2024 12:11:00,441.05,81,1014.1,21
07/27/2024 12:12:00,439.625,81,1014.1,21
07/27/2024 12:13:00,443.95834,81,1014.1,21
07/27/2024 12:14:00,441.3,81,1014.1,21
07/27/2024 12:15:00,445.68182,81,1014.1,21
07/27/2024 12:16:00,443.45,81,1014.1,21
07/27/2024 12:17:00,449.24167,81,1014.1,21
07/27/2024 12:18:00,446.29166,81,1014.1,21
07/27/2024 12:19:00,452.85834,81,1014.1,21
07/27/2024 12:20:00,450.34167,81,1014.1,21
07/27/2024 12:21:00,455.83636,81,1014.1,21
07/27/2024 12:22:00,451.74545,81,1014.1,21
07/27/2024 12:23:00,458.91666,81,1014.1,21
07/27/2024 12:24:00,453.64545,81,1014.1,21
07/27/2024 12:25:00,458.4818,81,1014.1,21
07/27/2024 12:26:00,453.44,81,1014.1,21
07/27/2024 12:27:00,459.24167,81,1014.1,21
07/27/2024 12:28:00,455.5,81,1014.1,21
07/27/2024 12:29:00,461.94547,81,1014.1,20
07/27/2024 12:30:00,460.68182,81,1014.1,20
07/27/2024 12:31:00,464.31668,81,1014.1,20
07/27/2024 12:32:00,463.70908,81,1014.1,20
07/27/2024 12:33:00,466.35834,81,1014.1,20
07/27/2024 12:34:00,467.25,81,1014.1,20
07/27/2024 12:35:00,466.81668,81,1014.1,20
07/27/2024 12:36:00,470.65833,81,1014.1,20
07/27/2024 12:37:00,467.48334,81,1014.1,20
07/27/2024 12:38:00,473.18332,81,1014.1,20
07/27/2024 12:39:00,469.05453,81,1014.1,20
07/27/2024 12:40:00,476.1,81,1014.1,20
07/27/2024 12:41:00,470.24167,81,1014.1,20
07/27/2024 12:42:00,477.00833,81,1014.1,20
07/27/2024 12:43:00,472.4909,81,1014.1,20
07/27/2024 12:44:00,477.64166,81,1014.1,20
07/27/2024 12:45:00,474.16666,81,1014.1,20
07/27/2024 12:46:00,477.5091,81,1014.1,20
07/27/2024 12:47:00,473.40833,81,1014.1,20
07/27/2024 12:48:00,475.85455,81,1014.1,20
07/27/2024 12:49:00,476.80832,81,1014.1,20
07/27/2024 12:50:00,474.25833,81,1014.1,20
07/27/2024 12:51:00,478.10834,81,1014.1,20
07/27/2024 12:52:00,475.2,81,1014.1,20
07/27/2024 12:53:00,482.27274,81,1014.1,20
07/27/2024 12:54:00,476.46667,81,1014.1,20
07/27/2024 12:55:00,483.96667,78,1014.1,20
07/27/2024 12:56:00,478.55,78,1014.1,20
07/27/2024 12:57:00,485.45834,78,1014.1,20
07/27/2024 12:58:00,479.28333,78,1014.1,20
07/27/2024 12:59:00,485.18332,78,1014.1,20
07/27/2024 13:00:00,484.94547,78,1014.1,20
07/27/2024 13:01:00,484.34167,78,1014.1,20
07/27/2024 13:02:00,487.51666,78,1014.1,20
07/27/2024 13:03:00,484.48334,78,1014.1,20
07/27/2024 13:04:00,491.85455,78,1014.1,20
07/27/2024 13:05:00,485.45834,78,1014.1,20
07/27/2024 13:06:00,493.26666,78,1014.1,20
07/27/2024 13:07:00,486.61667,78,1014.1,20
07/27/2024 13:08:00,494.8909,78,1014.1,20
07/27/2024 13:09:00,490.34167,78,1014.1,20
07/27/2024 13:10:00,496.50833,78,1014.1,20
07/27/2024 13:11:00,494.5,78,1014.1,20
07/27/2024 13:12:00,496.58334,78,1014.1,20
07/27/2024 13:13:00,497.39166,78,1014.1,20
07/27/2024 13:14:00,496.39166,78,1014.1,20
07/27/2024 13:15:00,501.01666,78,1014.1,20
07/27/2024 13:16:00,496.13333,78,1014.1,20
07/27/2024 13:17:00,504.13,78,1014.1,20
07/27/2024 13:18:00,498.15833,78,1014.1,20
07/27/2024 13:19:00,506.05453,78,1014.1,20
07/27/2024 13:20:00,499.33334,78,1014.1,20
07/27/2024 13:21:00,506.28333,78,1014.1,20
07/27/2024 13:22:00,503.3,78,1014.1,20
07/27/2024 13:23:00,505.65,78,1014.1,20
07/27/2024 13:24:00,507.70834,78,1014.1,20
07/27/2024 13:25:00,504.82727,78,1014.1,20
07/27/2024 13:26:00,511.28333,78,1014.1,20
07/27/2024 13:27:00,503.98334,78,1014.1,20
07/27/2024 13:28:00,512.125,78,1014.1,20
07/27/2024 13:29:00,505.33636,78,1014.1,20
07/27/2024 13:30:00,511.96667,78,1014.1,20
07/27/2024 13:31:00,505.4818,78,1014.1,20
07/27/2024 13:32:00,511.08334,78,1014.1,20
07/27/2024 13:33:00,508.91666,78,1014.1,20
07/27/2024 13:34:00,510.76666,78,1014.1,20
07/27/2024 13:35:00,513.48334,78,1014.1,20
07/27/2024 13:36:00,509.8,78,1014.1,20
07/27/2024 13:37:00,517.00836,78,1014.1,20
07/27/2024 13:38:00,509.34167,78,1014.1,20
07/27/2024 13:39:00,519.2909,78,1014.1,20
07/27/2024 13:40:00,512.575,78,1014.1,20
07/27/2024 13:41:00,517.4167,78,1014.1,20
07/27/2024 13:42:00,518.2818,78,1014.1,20
07/27/2024 13:43:00,517.73334,78,1014.1,20
07/27/2024 13:44:00,521.125,78,1014.1,20
07/27/2024 13:45:00,517.0917,78,1014.1,20
07/27/2024 13:46:00,525.0917,78,1014.1,20
07/27/2024 13:47:00,517.5917,78,1014.1,20
07/27/2024 13:48:00,526.5417,78,1014.1,20
07/27/2024 13:49:00,521.325,78,1014.1,20
07/27/2024 13:50:00,526.625,78,1014.1,20
07/27/2024 13:51:00,524.8,78,1014.1,20
07/27/2024 13:52:00,526.31665,78,1014.1,20
07/27/2024 13:53:00,530.7455,78,1014.1,20
07/27/2024 13:54:00,527.4727,78,1014.1,20
07/27/2024 13:55:00,535.05,78,1014.1,20
07/27/2024 13:56:00,527.56665,78,1014.1,20
07/27/2024 13:57:00,535.7364,78,1014.1,20
07/27/2024 13:58:00,530.0833,78,1014.1,20
07/27/2024 13:59:00,535.7917,78,1014.4,20
07/27/2024 14:00:00,490.26364,78,1014.4,20
07/27/2024 14:01:00,10.833333,78,1014.4,20
07/27/2024 14:02:00,1.45,78,1014.4,20
07/27/2024 14:03:00,1.45,78,1014.4,20
07/27/2024 14:04:00,1.45,78,1014.4,20
07/27/2024 14:05:00,1.45,78,1014.4,20
07/27/2024 14:06:00,1.35,78,1014.4,20
07/27/2024 14:07:00,1.45,78,1014.4,20
07/27/2024 14:08:00,1.4,78,1014.4,20
07/27/2024 14:09:00,1.4,78,1014.4,20
07/27/2024 14:10:00,1.45,78,1014.4,20
07/27/2024 14:11:00,1.45,78,1014.4,20
07/27/2024 14:12:00,1.45,78,1014.4,20
07/27/2024 14:13:00,1.38,78,1014.4,20
07/27/2024 14:14:00,1.45,78,1014.4,20
07/27/2024 14:15:00,1.45,78,1014.4,20
07/27/2024 14:16:00,1.4,78,1014.4,20
07/27/2024 14:17:00,1.45,78,1014.4,20
07/27/2024 14:18:00,1.45,78,1014.4,20
07/27/2024 14:19:00,1.45,78,1014.4,20
07/27/2024 14:20:00,1.45,78,1014.4,20
07/27/2024 14:21:00,1.4,78,1014.4,20
07/27/2024 14:22:00,1.3666667,78,1014.4,20
07/27/2024 14:23:00,1.4,78,1014.4,20
07/27/2024 14:24:00,1.35,78,1014.4,20
07/27/2024 14:25:00,1.45,78,1014.4,20
07/27/2024 14:26:00,1.45,78,1014.4,20
07/27/2024 14:27:00,1.45,78,1014.4,20
07/27/2024 14:28:00,1.45,78,1014.4,20
07/27/2024 14:29:00,1.35,78,1014.4,20
07/27/2024 14:30:00,1.42,78,1014.4,20
07/27/2024 14:31:00,1.375,78,1014.4,20
07/27/2024 14:32:00,1.3666667,78,1014.4,20
07/27/2024 14:33:00,1.5,78,1014.4,20
07/27/2024 14:34:00,1.3666667,78,1014.4,20
07/27/2024 14:35:00,1.3333334,78,1014.4,20
07/27/2024 14:36:00,1.4,78,1014.4,20
07/27/2024 14:37:00,1.4166666,78,1014.4,20
07/27/2024 14:38:00,1.4166666,78,1014.4,20
07/27/2024 14:39:00,1.45,78,1014.4,20
07/27/2024 14:40:00,1.45,78,1014.4,20
07/27/2024 14:41:00,1.38,78,1014.4,20
07/27/2024 14:42:00,1.44,78,1014.4,20
07/27/2024 14:43:00,1.4,78,1014.4,20
07/27/2024 14:44:00,1.35,78,1014.4,20
07/27/2024 14:45:00,1.425,78,1014.4,20
07/27/2024 14:46:00,1.4,78,1014.4,20
07/27/2024 14:47:00,1.4,78,1014.4,20
07/27/2024 14:48:00,1.35,78,1014.4,20
07/27/2024 14:49:00,1.4,78,1014.4,20
07/27/2024 14:50:00,1.4,78,1014.4,20
07/27/2024 14:51:00,1.4,78,1014.4,20
07/27/2024 14:52:00,1.4,78,1014.4,20
07/27/2024 14:53:00,1.45,78,1014.4,20
07/27/2024 14:54:00,1.45,78,1014.4,20
07/27/2024 14:55:00,1.34,78,1014.4,20
07/27/2024 14:56:00,1.4166666,78,1014.4,20
07/27/2024 14:57:00,1.35,78,1014.4,20
07/27/2024 14:58:00,1.35,78,1014.4,20
07/27/2024 14:59:00,1.35,78,1014.4,20
07/27/2024 15:00:00,1.35,78,1014.4,20
07/27/2024 15:01:00,1.35,78,1014.4,20
07/27/2024 15:02:00,1.35,78,1014.4,20
07/27/2024 15:03:00,1.375,72,1014.5,20
07/27/2024 15:04:00,1.35,72,1014.5,20
07/27/2024 15:05:00,1.4166666,72,1014.5,20
07/27/2024 15:06:00,1.3833333,72,1014.5,20
07/27/2024 15:07:00,1.5,72,1014.5,20
07/27/2024 15:08:00,1.3666667,72,1014.5,20
07/27/2024 15:09:00,1.38,72,1014.5,20
07/27/2024 15:10:00,1.45,72,1014.5,20
07/27/2024 15:11:00,1.45,72,1014.5,20
07/27/2024 15:12:00,1.35,72,1014.5,20
07/27/2024 15:13:00,1.35,72,1014.5,20
07/27/2024 15:14:00,1.35,72,1014.5,20
07/27/2024 15:15:00,1.35,72,1014.5,20
07/27/2024 15:16:00,1.35,72,1014.5,20
07/27/2024 15:17:00,1.45,72,1014.5,20
07/27/2024 15:18:00,1.35,72,1014.5,20
07/27/2024 15:19:00,1.3,72,1014.5,20
07/27/2024 15:20:00,1.4333333,72,1014.5,20
07/27/2024 15:21:00,1.35,72,1014.5,20
07/27/2024 15:22:00,1.35,72,1014.5,20
07/27/2024 15:23:00,1.35,72,1014.5,20
07/27/2024 15:24:00,1.38,72,1014.5,20
07/27/2024 15:25:00,1.35,72,1014.5,20
07/27/2024 15:26:00,1.35,72,1014.5,20
07/27/2024 15:27:00,1.35,72,1014.5,20
07/27/2024 15:28:00,1.35,72,1014.5,20
07/27/2024 15:29:00,1.3333334,72,1014.5,20
07/27/2024 15:30:00,1.3666667,72,1014.5,20
07/27/2024 15:31:00,1.4333333,72,1014.5,20
07/27/2024 15:32:00,1.3666667,72,1014.5,20
07/27/2024 15:33:00,1.45,72,1014.5,20
07/27/2024 15:34:00,1.4,72,1014.5,20
07/27/2024 15:35:00,1.36,72,1014.5,20
07/27/2024 15:36:00,1.36,72,1014.5,20
07/27/2024 15:37:00,1.4,72,1014.5,20
07/27/2024 15:38:00,1.4,72,1014.5,20
07/27/2024 15:39:00,1.4,72,1014.5,20
07/27/2024 15:40:00,1.35,72,1014.5,20
07/27/2024 15:41:00,1.35,72,1014.5,20
07/27/2024 15:42:00,1.35,72,1014.5,20
07/27/2024 15:43:00,1.35,72,1014.5,20
07/27/2024 15:44:00,1.35,72,1014.5,20
07/27/2024 15:45:00,1.35,72,1014.5,20
07/27/2024 15:46:00,1.35,72,1014.5,20
07/27/2024 15:47:00,1.35,72,1014.5,20
07/27/2024 15:48:00,1.35,72,1014.5,20
07/27/2024 15:49:00,1.4,72,1014.5,20
07/27/2024 15:50:00,1.4,72,1014.5,20
07/27/2024 15:51:00,1.4333333,72,1014.5,20
07/27/2024 15:52:00,1.5,72,1014.5,20
07/27/2024 15:53:00,1.4,72,1014.5,20
07/27/2024 15:54:00,1.3833333,72,1014.5,20
07/27/2024 15:55:00,1.3833333,72,1014.5,20
07/27/2024 15:56:00,1.38,72,1014.5,20
07/27/2024 15:57:00,1.4,72,1014.5,20
07/27/2024 15:58:00,1.4,72,1014.5,20
07/27/2024 15:59:00,1.4,72,1014.5,20
07/27/2024 16:00:00,1.3333334,72,1014.5,20
07/27/2024 16:01:00,1.3666667,72,1014.5,20
07/27/2024 16:02:00,1.3666667,72,1014.5,20
07/27/2024 16:03:00,1.45,72,1014.5,20
07/27/2024 16:04:00,1.45,72,1014.5,20
07/27/2024 16:05:00,1.3,72,1014.5,20
07/27/2024 16:06:00,1.4333333,72,1014.5,20
07/27/2024 16:07:00,1.45,68,1013.9,20
07/27/2024 16:08:00,1.4166666,68,1013.9,20
07/27/2024 16:09:00,1.35,68,1013.9,20
07/27/2024 16:10:00,1.45,68,1013.9,20
07/27/2024 16:11:00,1.4,68,1013.9,20
07/27/2024 16:12:00,1.45,68,1013.9,20
07/27/2024 16:13:00,1.3333334,68,1013.9,20
07/27/2024 16:14:00,1.4,68,1013.9,20
07/27/2024 16:15:00,1.35,68,1013.9,20
07/27/2024 16:16:00,1.4,68,1013.9,20
07/27/2024 16:17:00,1.4,68,1013.9,20
07/27/2024 16:18:00,1.35,68,1013.9,20
07/27/2024 16:19:00,1.35,68,1013.9,20
07/27/2024 16:20:00,1.5,68,1013.9,20
07/27/2024 16:21:00,1.4166666,68,1013.9,20
07/27/2024 16:22:00,1.3666667,68,1013.9,20
07/27/2024 16:23:00,1.35,68,1013.9,20
07/27/2024 16:24:00,1.35,68,1013.9,20
07/27/2024 16:25:00,1.35,68,1013.9,20
07/27/2024 16:26:00,1.3,68,1013.9,20
07/27/2024 16:27:00,1.36,68,1013.9,20
07/27/2024 16:28:00,1.35,68,1013.9,20
07/27/2024 16:29:00,1.35,68,1013.9,20
07/27/2024 16:30:00,1.35,68,1013.9,20
07/27/2024 16:31:00,1.35,68,1013.9,20
07/27/2024 16:32:00,1.35,68,1013.9,20
07/27/2024 16:33:00,1.35,68,1013.9,20
07/27/2024 16:34:00,1.35,68,1013.9,20
07/27/2024 16:35:00,1.35,68,1013.9,20
07/27/2024 16:36:00,1.35,68,1013.9,20
07/27/2024 16:37:00,1.35,68,1013.9,20
07/27/2024 16:38:00,1.38,68,1013.9,20
07/27/2024 16:39:00,1.36,68,1013.9,20
07/27/2024 16:40:00,1.35,68,1013.9,20
07/27/2024 16:41:00,1.35,68,1013.9,20
07/27/2024 16:42:00,1.42,68,1013.9,20
07/27/2024 16:43:00,1.3666667,68,1013.9,20
07/27/2024 16:44:00,1.4,68,1013.9,20
07/27/2024 16:45:00,1.4,68,1013.9,20
07/27/2024 16:46:00,1.4,68,1013.9,20
07/27/2024 16:47:00,1.35,68,1013.9,20
07/27/2024 16:48:00,1.35,68,1013.9,20
07/27/2024 16:49:00,1.425,68,1013.9,20
07/27/2024 16:50:00,1.35,68,1013.9,20
07/27/2024 16:51:00,1.4,68,1013.9,20
07/27/2024 16:52:00,1.3666667,68,1013.9,20
07/27/2024 16:53:00,1.3666667,68,1013.9,20
07/27/2024 16:54:00,1.35,68,1013.9,20
07/27/2024 16:55:00,1.35,68,1013.9,20
07/27/2024 16:56:00,1.35,68,1013.9,20
07/27/2024 16:57:00,1.45,68,1013.9,20
07/27/2024 16:58:00,1.35,68,1013.9,20
07/27/2024 16:59:00,1.35,68,1013.9,20
07/27/2024 17:00:00,1.35,68,1013.9,20
07/27/2024 17:01:00,1.35,68,1013.9,20
07/27/2024 17:02:00,1.34,68,1013.9,20
07/27/2024 17:03:00,1.4,68,1013.9,20
07/27/2024 17:04:00,1.4,68,1013.9,20
07/27/2024 17:05:00,1.36,68,1013.9,20
07/27/2024 17:06:00,1.35,68,1013.9,20
07/27/2024 17:07:00,1.35,68,1013.9,20
07/27/2024 17:08:00,1.35,68,1013.9,20
07/27/2024 17:09:00,1.45,68,1013.9,20
07/27/2024 17:10:00,1.45,68,1013.9,20
07/27/2024 17:11:00,1.3714286,66,1014,20
07/27/2024 17:12:00,1.3,66,1014,20
07/27/2024 17:13:00,1.3666667,66,1014,20
07/27/2024 17:14:00,1.35,66,1014,20
07/27/2024 17:15:00,1.35,66,1014,20
07/27/2024 17:16:00,1.4,66,1014,20
07/27/2024 17:17:00,1.3666667,66,1014,20
07/27/2024 17:18:00,1.35,66,1014,20
07/27/2024 17:19:00,1.35,66,1014,20
07/27/2024 17:20:00,1.35,66,1014,20
07/27/2024 17:21:00,1.35,66,1014,20
07/27/2024 17:22:00,1.35,66,1014,20
07/27/2024 17:23:00,1.35,66,1014,20
07/27/2024 17:24:00,1.4,66,1014,20
07/27/2024 17:25:00,1.4166666,66,1014,20
07/27/2024 17:26:00,1.4166666,66,1014,20
07/27/2024 17:27:00,1.4166666,66,1014,20
07/27/2024 17:28:00,1.34,66,1014,20
07/27/2024 17:29:00,1.3857143,66,1014,20
07/27/2024 17:30:00,1.35,66,1014,20
07/27/2024 17:31:00,1.35,66,1014,20
07/27/2024 17:32:00,1.35,66,1014,20
07/27/2024 17:33:00,1.35,66,1014,20
07/27/2024 17:34:00,1.35,66,1014,20
07/27/2024 17:35:00,1.4,66,1014,20
07/27/2024 17:36:00,1.5,66,1014,20
07/27/2024 17:37:00,1.4,66,1014,20
07/27/2024 17:38:00,1.3333334,66,1014,20
07/27/2024 17:39:00,1.4,66,1014,20
07/27/2024 17:40:00,1.35,66,1014,20
07/27/2024 17:41:00,1.45,66,1014,20
07/27/2024 17:42:00,1.45,66,1014,20
07/27/2024 17:43:00,1.35,66,1014,20
07/27/2024 17:44:00,1.35,66,1014,20
07/27/2024 17:45:00,1.35,66,1014,20
07/27/2024 17:46:00,1.35,66,1014,20
07/27/2024 17:47:00,1.35,66,1014,20
07/27/2024 17:48:00,1.35,66,1014,20
07/27/2024 17:49:00,1.35,66,1014,20
07/27/2024 17:50:00,1.35,66,1014,20
07/27/2024 17:51:00,1.4,66,1014,20
07/27/2024 17:52:00,1.4,66,1014,20
07/27/2024 17:53:00,1.4,66,1014,20
07/27/2024 17:54:00,1.3833333,66,1014,20
07/27/2024 17:55:00,1.4,66,1014,20
07/27/2024 17:56:00,1.45,66,1014,20
07/27/2024 17:57:00,1.35,66,1014,20
07/27/2024 17:58:00,1.4,66,1014,20
07/27/2024 17:59:00,1.3,66,1014,20
07/27/2024 18:00:00,1.3666667,66,1014,20
07/27/2024 18:01:00,1.35,66,1014,20
07/27/2024 18:02:00,1.35,66,1014,20
07/27/2024 18:03:00,1.35,66,1014,20
07/27/2024 18:04:00,1.35,66,1014,20
07/27/2024 18:05:00,1.3,66,1014,20
07/27/2024 18:06:00,1.35,66,1014,20
07/27/2024 18:07:00,1.3666667,66,1014,20
07/27/2024 18:08:00,1.35,66,1014,20
07/27/2024 18:09:00,1.3333334,66,1014,20
07/27/2024 18:10:00,1.36,66,1014,20
07/27/2024 18:11:00,1.35,66,1014,20
07/27/2024 18:12:00,1.35,66,1014,20
07/27/2024 18:13:00,1.45,66,1014,20
07/27/2024 18:14:00,1.4,66,1014,20
07/27/2024 18:15:00,1.3333334,63,1014.2,20
07/27/2024 18:16:00,1.36,63,1014.2,20
07/27/2024 18:17:00,1.35,63,1014.2,20
07/27/2024 18:18:00,1.35,63,1014.2,20
07/27/2024 18:19:00,1.35,63,1014.2,20
07/27/2024 18:20:00,1.35,63,1014.2,20
07/27/2024 18:21:00,1.3888888,63,1014.2,20
07/27/2024 18:22:00,1.3833333,63,1014.2,20
07/27/2024 18:23:00,1.3333334,63,1014.2,20
07/27/2024 18:24:00,1.35,63,1014.2,20
07/27/2024 18:25:00,1.3833333,63,1014.2,20
07/27/2024 18:26:00,1.4,63,1014.2,20
07/27/2024 18:27:00,1.35,63,1014.2,20
07/27/2024 18:28:00,1.35,63,1014.2,20
07/27/2024 18:29:00,1.35,63,1014.2,20
07/27/2024 18:30:00,1.35,63,1014.2,20
07/27/2024 18:31:00,1.45,63,1014.2,20
07/27/2024 18:32:00,1.35,63,1014.2,20
07/27/2024 18:33:00,1.35,63,1014.2,20
07/27/2024 18:34:00,1.3666667,63,1014.2,20
07/27/2024 18:35:00,1.3333334,63,1014.2,20
07/27/2024 18:36:00,1.3666667,63,1014.2,20
07/27/2024 18:37:00,1.3666667,63,1014.2,20
07/27/2024 18:38:00,1.4,63,1014.2,20
07/27/2024 18:39:00,1.35,63,1014.2,20
07/27/2024 18:40:00,1.35,63,1014.2,20
07/27/2024 18:41:00,1.35,63,1014.2,20
07/27/2024 18:42:00,1.35,63,1014.2,20
07/27/2024 18:43:00,1.3714286,63,1014.2,20
07/27/2024 18:44:00,1.3833333,63,1014.2,20
07/27/2024 18:45:00,1.36,63,1014.2,20
07/27/2024 18:46:00,1.35,63,1014.2,20
07/27/2024 18:47:00,1.35,63,1014.2,20
07/27/2024 18:48:00,1.3,63,1014.2,20
07/27/2024 18:49:00,1.3666667,63,1014.2,20
07/27/2024 18:50:00,1.35,63,1014.2,20
07/27/2024 18:51:00,1.35,63,1014.2,20
07/27/2024 18:52:00,1.35,63,1014.2,20
07/27/2024 18:53:00,1.35,63,1014.2,20
07/27/2024 18:54:00,1.35,63,1014.2,20
07/27/2024 18:55:00,1.4,63,1014.2,20
07/27/2024 18:56:00,1.3666667,63,1014.2,20
07/27/2024 18:57:00,1.45,63,1014.2,20
07/27/2024 18:58:00,1.35,63,1014.2,20
07/27/2024 18:59:00,1.4166666,63,1014.2,20
07/27/2024 19:00:00,1.4166666,63,1014.2,20
07/27/2024 19:01:00,1.4,63,1014.2,20
07/27/2024 19:02:00,1.35,63,1014.2,20
07/27/2024 19:03:00,1.35,63,1014.2,20
07/27/2024 19:04:00,1.35,63,1014.2,20
07/27/2024 19:05:00,1.35,63,1014.2,20
07/27/2024 19:06:00,1.35,63,1014.2,20
07/27/2024 19:07:00,1.35,63,1014.2,20
07/27/2024 19:08:00,1.35,63,1014.2,20
07/27/2024 19:09:00,1.3333334,63,1014.2,20
07/27/2024 19:10:00,1.3666667,63,1014.2,20
07/27/2024 19:11:00,1.3333334,63,1014.2,20
07/27/2024 19:12:00,1.3666667,63,1014.2,20
07/27/2024 19:13:00,1.4,63,1014.2,20
07/27/2024 19:14:00,1.4,63,1014.2,20
07/27/2024 19:15:00,1.4,63,1014.2,20
07/27/2024 19:16:00,1.35,63,1014.2,20
07/27/2024 19:17:00,1.4166666,63,1014.2,20
07/27/2024 19:18:00,1.35,63,1014.2,20
07/27/2024 19:19:00,1.35,67,1014.5,20
07/27/2024 19:20:00,1.38,67,1014.5,20
07/27/2024 19:21:00,1.38,67,1014.5,20
07/27/2024 19:22:00,1.3,67,1014.5,20
07/27/2024 19:23:00,1.3833333,67,1014.5,20
07/27/2024 19:24:00,1.35,67,1014.5,20
07/27/2024 19:25:00,1.35,67,1014.5,20
07/27/2024 19:26:00,1.35,67,1014.5,20
07/27/2024 19:27:00,1.35,67,1014.5,20
07/27/2024 19:28:00,1.35,67,1014.5,20
07/27/2024 19:29:00,1.42,67,1014.5,20
07/27/2024 19:30:00,1.4,67,1014.5,20
07/27/2024 19:31:00,1.35,67,1014.5,20
07/27/2024 19:32:00,1.35,67,1014.5,20
07/27/2024 19:33:00,1.34,67,1014.5,20
07/27/2024 19:34:00,1.375,67,1014.5,20
07/27/2024 19:35:00,1.35,67,1014.5,20
07/27/2024 19:36:00,1.35,67,1014.5,20
07/27/2024 19:37:00,1.35,67,1014.5,20
07/27/2024 19:38:00,1.4,67,1014.5,20
07/27/2024 19:39:00,1.4,67,1014.5,20
07/27/2024 19:40:00,1.35,67,1014.5,20
07/27/2024 19:41:00,1.35,67,1014.5,20
07/27/2024 19:42:00,1.4,67,1014.5,20
07/27/2024 19:43:00,1.35,67,1014.5,20
07/27/2024 19:44:00,1.3833333,67,1014.5,20
07/27/2024 19:45:00,1.4,67,1014.5,20
07/27/2024 19:46:00,1.4,67,1014.5,21
07/27/2024 19:47:00,1.4,67,1014.5,21
07/27/2024 19:48:00,1.35,67,1014.5,21
07/27/2024 19:49:00,1.35,67,1014.5,21
07/27/2024 19:50:00,1.35,67,1014.5,21
07/27/2024 19:51:00,1.4,67,1014.5,21
07/27/2024 19:52:00,1.35,67,1014.5,21
07/27/2024 19:53:00,1.35,67,1014.5,21
07/27/2024 19:54:00,1.38,67,1014.5,21
07/27/2024 19:55:00,1.4,67,1014.5,21
07/27/2024 19:56:00,1.35,67,1014.5,21
07/27/2024 19:57:00,1.34,67,1014.5,21
07/27/2024 19:58:00,1.3666667,67,1014.5,21
07/27/2024 19:59:00,1.35,67,1014.5,21
07/27/2024 20:00:00,1.35,67,1014.5,21
07/27/2024 20:01:00,1.4,67,1014.5,21
07/27/2024 20:02:00,1.4,67,1014.5,21
07/27/2024 20:03:00,1.35,67,1014.5,21
07/27/2024 20:04:00,1.35,67,1014.5,21
07/27/2024 20:05:00,1.4,67,1014.5,21
07/27/2024 20:06:00,1.3333334,67,1014.5,21
07/27/2024 20:07:00,1.4,67,1014.5,21
07/27/2024 20:08:00,1.35,67,1014.5,21
07/27/2024 20:09:00,1.4,67,1014.5,21
07/27/2024 20:10:00,1.35,67,1014.5,21
07/27/2024 20:11:00,1.35,67,1014.5,21
07/27/2024 20:12:00,1.38,67,1014.5,21
07/27/2024 20:13:00,1.4,67,1014.5,21
07/27/2024 20:14:00,1.35,67,1014.5,21
07/27/2024 20:15:00,1.45,67,1014.5,21
07/27/2024 20:16:00,1.45,67,1014.5,21
07/27/2024 20:17:00,1.35,67,1014.5,21
07/27/2024 20:18:00,1.45,67,1014.5,21
07/27/2024 20:19:00,1.3833333,67,1014.5,21
07/27/2024 20:20:00,1.35,67,1014.5,21
07/27/2024 20:21:00,1.35,67,1014.5,21
07/27/2024 20:22:00,1.35,67,1014.5,21
07/27/2024 20:23:00,1.4,70,1014.5,21
07/27/2024 20:24:00,1.35,70,1014.5,21
07/27/2024 20:25:00,1.35,70,1014.5,21
07/27/2024 20:26:00,1.4,70,1014.5,21
07/27/2024 20:27:00,1.4,70,1014.5,21
07/27/2024 20:28:00,1.36,70,1014.5,21
07/27/2024 20:29:00,1.36,70,1014.5,21
07/27/2024 20:30:00,1.36,70,1014.5,21
07/27/2024 20:31:00,1.35,70,1014.5,21
07/27/2024 20:32:00,1.45,70,1014.5,21
07/27/2024 20:33:00,1.35,70,1014.5,21
07/27/2024 20:34:00,1.45,70,1014.5,21
07/27/2024 20:35:00,1.4,70,1014.5,21
07/27/2024 20:36:00,1.3666667,70,1014.5,21
07/27/2024 20:37:00,1.3666667,70,1014.5,21
07/27/2024 20:38:00,1.3666667,70,1014.5,21
07/27/2024 20:39:00,1.4,70,1014.5,21
07/27/2024 20:40:00,1.36,70,1014.5,21
07/27/2024 20:41:00,1.35,70,1014.5,21
07/27/2024 20:42:00,1.4,70,1014.5,21
07/27/2024 20:43:00,1.4,70,1014.5,21
07/27/2024 20:44:00,1.4,70,1014.5,21
07/27/2024 20:45:00,1.35,70,1014.5,21
07/27/2024 20:46:00,1.3833333,70,1014.5,21
07/27/2024 20:47:00,1.35,70,1014.5,21
07/27/2024 20:48:00,1.3,70,1014.5,21
07/27/2024 20:49:00,1.3666667,70,1014.5,21
07/27/2024 20:50:00,1.4,70,1014.5,21
07/27/2024 20:51:00,1.4,70,1014.5,21
07/27/2024 20:52:00,1.35,70,1014.5,21
07/27/2024 20:53:00,1.35,70,1014.5,21
07/27/2024 20:54:00,1.35,70,1014.5,21
07/27/2024 20:55:00,1.4,70,1014.5,21
07/27/2024 20:56:00,1.35,70,1014.5,21
07/27/2024 20:57:00,1.35,70,1014.5,21
07/27/2024 20:58:00,1.4,70,1014.5,21
07/27/2024 20:59:00,1.4,70,1014.5,21
07/27/2024 21:00:00,1.35,70,1014.5,21
07/27/2024 21:01:00,1.3333334,70,1014.5,21
07/27/2024 21:02:00,1.4,70,1014.5,21
07/27/2024 21:03:00,1.35,70,1014.5,21
07/27/2024 21:04:00,1.35,70,1014.5,21
07/27/2024 21:05:00,1.35,70,1014.5,21
07/27/2024 21:06:00,1.4166666,70,1014.5,21
07/27/2024 21:07:00,1.4,70,1014.5,21
07/27/2024 21:08:00,1.45,70,1014.5,21
07/27/2024 21:09:00,1.35,70,1014.5,21
07/27/2024 21:10:00,1.45,70,1014.5,21
07/27/2024 21:11:00,1.35,70,1014.5,21
07/27/2024 21:12:00,1.3,70,1014.5,21
07/27/2024 21:13:00,1.3666667,70,1014.5,21
07/27/2024 21:14:00,1.35,70,1014.5,21
07/27/2024 21:15:00,1.3333334,70,1014.5,21
07/27/2024 21:16:00,1.4,70,1014.5,21
07/27/2024 21:17:00,1.35,70,1014.5,21
07/27/2024 21:18:00,1.35,70,1014.5,21
07/27/2024 21:19:00,1.4666667,70,1014.5,21
07/27/2024 21:20:00,1.4,70,1014.5,21
07/27/2024 21:21:00,1.35,70,1014.5,21
07/27/2024 21:22:00,1.35,70,1014.5,21
07/27/2024 21:23:00,1.35,70,1014.5,21
07/27/2024 21:24:00,1.45,70,1014.5,21
07/27/2024 21:25:00,1.45,70,1014.5,21
07/27/2024 21:26:00,1.45,70,1014.5,21
07/27/2024 21:27:00,1.45,71,1015.4,21
07/27/2024 21:28:00,1.45,71,1015.4,21
07/27/2024 21:29:00,1.35,71,1015.4,21
07/27/2024 21:30:00,1.35,71,1015.4,21
07/27/2024 21:31:00,1.45,71,1015.4,21
07/27/2024 21:32:00,1.35,71,1015.4,21
07/27/2024 21:33:00,1.4,71,1015.4,21
07/27/2024 21:34:00,1.35,71,1015.4,21
07/27/2024 21:35:00,1.35,71,1015.4,21
07/27/2024 21:36:00,1.4,71,1015.4,21
07/27/2024 21:37:00,1.4,71,1015.4,21
07/27/2024 21:38:00,1.4,71,1015.4,21
07/27/2024 21:39:00,1.35,71,1015.4,21
07/27/2024 21:40:00,1.35,71,1015.4,20
07/27/2024 21:41:00,1.35,71,1015.4,20
07/27/2024 21:42:00,1.35,71,1015.4,20
07/27/2024 21:43:00,1.42,71,1015.4,20
07/27/2024 21:44:00,1.4,71,1015.4,20
07/27/2024 21:45:00,1.35,71,1015.4,20
07/27/2024 21:46:00,1.38,71,1015.4,20
07/27/2024 21:47:00,1.4,71,1015.4,20
07/27/2024 21:48:00,71.08,71,1015.4,20
07/27/2024 21:49:00,340.13635,71,1015.4,20
07/27/2024 21:50:00,356.08334,71,1015.4,20
07/27/2024 21:51:00,377.34167,71,1015.4,20
07/27/2024 21:52:00,371.7,71,1015.4,20
07/27/2024 21:53:00,373.73334,71,1015.4,20
07/27/2024 21:54:00,374.55832,71,1015.4,20
07/27/2024 21:55:00,375.4875,71,1015.4,20
07/27/2024 21:56:00,376.65555,71,1015.4,20
07/27/2024 21:57:00,378.11,71,1015.4,20
07/27/2024 21:58:00,382.65,71,1015.4,20
07/27/2024 21:59:00,381.20908,71,1015.4,20
07/27/2024 22:00:00,380.34546,71,1015.4,20
07/27/2024 22:01:00,378.71667,71,1015.4,20
07/27/2024 22:02:00,377.75455,71,1015.4,20
07/27/2024 22:03:00,376.20908,71,1015.4,20
07/27/2024 22:04:00,380.71667,71,1015.4,20
07/27/2024 22:05:00,377.875,71,1015.4,20
07/27/2024 22:06:00,381.25455,71,1015.4,20
07/27/2024 22:07:00,375.35455,71,1015.4,20
07/27/2024 22:08:00,378.61667,71,1015.4,20
07/27/2024 22:09:00,378.2,71,1015.4,20
07/27/2024 22:10:00,381.92728,71,1015.4,20
07/27/2024 22:11:00,383.55,71,1015.4,20
07/27/2024 22:12:00,385.5909,71,1015.4,20
07/27/2024 22:13:00,387.86365,71,1015.4,20
07/27/2024 22:14:00,387.4909,71,1015.4,20
07/27/2024 22:15:00,389.0909,71,1015.4,20
07/27/2024 22:16:00,387.75,71,1015.4,20
07/27/2024 22:17:00,392.43332,71,1015.4,20
07/27/2024 22:18:00,391.875,71,1015.4,20
07/27/2024 22:19:00,395.54166,71,1015.4,20
07/27/2024 22:20:00,395.025,71,1015.4,20
07/27/2024 22:21:00,397.94168,71,1015.4,20
07/27/2024 22:22:00,396.85,71,1015.4,20
07/27/2024 22:23:00,401.6,71,1015.4,20
07/27/2024 22:24:00,400.03333,71,1015.4,20
07/27/2024 22:25:00,404.41666,71,1015.4,20
07/27/2024 22:26:00,401.46,71,1015.4,20
07/27/2024 22:27:00,404.18332,71,1015.4,20
07/27/2024 22:28:00,403.99167,71,1015.4,20
07/27/2024 22:29:00,406.35834,71,1015.4,20
07/27/2024 22:30:00,408.23636,71,1015.4,20
07/27/2024 22:31:00,409.025,74,1016.3,20
07/27/2024 22:32:00,411.58334,74,1016.3,20
07/27/2024 22:33:00,411.14545,74,1016.3,20
07/27/2024 22:34:00,414.76364,74,1016.3,20
07/27/2024 22:35:00,413.08334,74,1016.3,20
07/27/2024 22:36:00,418.56668,74,1016.3,20
07/27/2024 22:37:00,415.53333,74,1016.3,20
07/27/2024 22:38:00,421.0091,74,1016.3,20
07/27/2024 22:39:00,418.16364,74,1016.3,20
07/27/2024 22:40:00,423.55832,74,1016.3,20
07/27/2024 22:41:00,420.80832,74,1016.3,20
07/27/2024 22:42:00,425.46362,74,1016.3,20
07/27/2024 22:43:00,423.03638,74,1016.3,20
07/27/2024 22:44:00,426.8,74,1016.3,20
07/27/2024 22:45:00,426.14545,74,1016.3,20
07/27/2024 22:46:00,427.89166,74,1016.3,20
07/27/2024 22:47:00,428.76666,74,1016.3,20
07/27/2024 22:48:00,427.76666,74,1016.3,20
07/27/2024 22:49:00,432.34167,74,1016.3,20
07/27/2024 22:50:00,431.21667,74,1016.3,20
07/27/2024 22:51:00,437.6182,74,1016.3,20
07/27/2024 22:52:00,433.13635,74,1016.3,20
07/27/2024 22:53:00,439.54544,74,1016.3,20
07/27/2024 22:54:00,436.725,74,1016.3,20
07/27/2024 22:55:00,440.79166,74,1016.3,20
07/27/2024 22:56:00,437.7,74,1016.3,20
07/27/2024 22:57:00,441.96667,74,1016.3,20
07/27/2024 22:58:00,441.34546,74,1016.3,20
07/27/2024 22:59:00,443.25833,74,1016.3,20
07/27/2024 23:00:00,444.74545,74,1016.3,20
07/27/2024 23:01:00,443.61,74,1016.3,20
07/27/2024 23:02:00,447.73636,74,1016.3,20
07/27/2024 23:03:00,444.63635,74,1016.3,20
07/27/2024 23:04:00,450.5,74,1016.3,20
07/27/2024 23:05:00,445.925,74,1016.3,20
07/27/2024 23:06:00,452.7,74,1016.3,20
07/27/2024 23:07:00,448.85834,74,1016.3,20
07/27/2024 23:08:00,454.57272,74,1016.3,20
07/27/2024 23:09:00,451,74,1016.3,20
07/27/2024 23:10:00,455.8818,74,1016.3,20
07/27/2024 23:11:00,454.68182,74,1016.3,20
07/27/2024 23:12:00,457.28183,74,1016.3,20
07/27/2024 23:13:00,458.31668,74,1016.3,20
07/27/2024 23:14:00,457.5,74,1016.3,20
07/27/2024 23:15:00,462.13333,74,1016.3,20
07/27/2024 23:16:00,457.53638,74,1016.3,20
07/27/2024 23:17:00,463.96667,74,1016.3,20
07/27/2024 23:18:00,458.75455,74,1016.3,20
07/27/2024 23:19:00,466.03333,74,1016.3,20
07/27/2024 23:20:00,460.625,74,1016.3,20
07/27/2024 23:21:00,466.825,74,1016.3,20
07/27/2024 23:22:00,465.38333,74,1016.3,20
07/27/2024 23:23:00,466.53333,74,1016.3,20
07/27/2024 23:24:00,468.95834,74,1016.3,20
07/27/2024 23:25:00,466.98334,74,1016.3,20
07/27/2024 23:26:00,472.72726,74,1016.3,20
07/27/2024 23:27:00,467.26666,74,1016.3,20
07/27/2024 23:28:00,475.16364,74,1016.3,20
07/27/2024 23:29:00,469.18332,74,1016.3,20
07/27/2024 23:30:00,476.14166,74,1016.3,20
07/27/2024 23:31:00,472.28333,74,1016.3,20
07/27/2024 23:32:00,475.80832,74,1016.3,20
07/27/2024 23:33:00,476.34167,74,1016.3,20
07/27/2024 23:34:00,475.84167,74,1016.3,20
07/27/2024 23:35:00,479.87274,78,1017.2,20
07/27/2024 23:36:00,475.68182,78,1017.2,20
07/27/2024 23:37:00,483.33334,78,1017.2,20
07/27/2024 23:38:00,476.425,78,1017.2,20
07/27/2024 23:39:00,483.99167,78,1017.2,20
07/27/2024 23:40:00,478.85,78,1017.2,20
07/27/2024 23:41:00,484.125,78,1017.2,20
07/27/2024 23:42:00,482.10834,78,1017.2,20
07/27/2024 23:43:00,482.95834,78,1017.2,20
07/27/2024 23:44:00,485.53333,78,1017.2,20
07/27/2024 23:45:00,481.51666,78,1017.2,20
07/27/2024 23:46:00,489.225,78,1017.2,20
07/27/2024 23:47:00,481.725,78,1017.2,20
07/27/2024 23:48:00,490.35455,78,1017.2,20
07/27/2024 23:49:00,484.63333,78,1017.2,20
07/27/2024 23:50:00,490.33334,78,1017.2,20
07/27/2024 23:51:00,489.01666,78,1017.2,20
07/27/2024 23:52:00,490.00833,78,1017.2,20
07/27/2024 23:53:00,492.16666,78,1017.2,20
07/27/2024 23:54:00,488.75833,78,1017.2,20
07/27/2024 23:55:00,497.26666,78,1017.2,20
07/27/2024 23:56:00,489.70908,78,1017.2,20
07/27/2024 23:57:00,498.06363,78,1017.2,20
07/27/2024 23:58:00,493.01538,78,1017.2,20
07/27/2024 23:59:00,496.78333,78,1017.2,20
07/28/2024 00:00:00,496.76666,78,1017.2,20
07/28/2024 00:01:00,494.875,78,1017.2,20
07/28/2024 00:02:00,499.525,78,1017.2,20
07/28/2024 00:03:00,492.94547,78,1017.2,20
07/28/2024 00:04:00,501.83847,78,1017.2,20
07/28/2024 00:05:00,495.23334,78,1017.2,20
07/28/2024 00:06:00,502.64545,78,1017.2,20
07/28/2024 00:07:00,497.9923,78,1017.2,20
07/28/2024 00:08:00,501.7,78,1017.2,20
07/28/2024 00:09:00,504.2,78,1017.2,20
07/28/2024 00:10:00,500.775,78,1017.2,20
07/28/2024 00:11:00,507.7,78,1017.2,20
07/28/2024 00:12:00,500.93332,78,1017.2,20
07/28/2024 00:13:00,508.50833,78,1017.2,20
07/28/2024 00:14:00,501.50833,78,1017.2,20
07/28/2024 00:15:00,509.53333,78,1017.2,20
07/28/2024 00:16:00,504.08334,78,1017.2,20
07/28/2024 00:17:00,508.30832,78,1017.2,20
07/28/2024 00:18:00,509.825,78,1017.2,20
07/28/2024 00:19:00,506.93637,78,1017.2,20
07/28/2024 00:20:00,513.60834,78,1017.2,20
07/28/2024 00:21:00,506.56668,78,1017.2,20
07/28/2024 00:22:00,515.00836,78,1017.2,20
07/28/2024 00:23:00,508.625,78,1017.2,20
07/28/2024 00:24:00,514.30835,78,1017.2,20
07/28/2024 00:25:00,513.45,78,1017.2,20
07/28/2024 00:26:00,513.3417,78,1017.2,20
07/28/2024 00:27:00,516.94165,78,1017.2,20
07/28/2024 00:28:00,512.65,78,1017.2,20
07/28/2024 00:29:00,519.775,78,1017.2,20
07/28/2024 00:30:00,512.3333,78,1017.2,20
07/28/2024 00:31:00,521.225,78,1017.2,20
07/28/2024 00:32:00,515.65,78,1017.2,20
07/28/2024 00:33:00,519.73334,78,1017.2,20
07/28/2024 00:34:00,518.38336,78,1017.2,20
07/28/2024 00:35:00,513.9,78,1017.2,20
07/28/2024 00:36:00,521.35455,78,1017.2,20
07/28/2024 00:37:00,513.15,78,1017.2,20
07/28/2024 00:38:00,521.6583,78,1017.2,20
07/28/2024 00:39:00,516.14545,83,1018,20
07/28/2024 00:40:00,432.62222,83,1018,20
07/28/2024 00:41:00,10.4,83,1018,20
07/28/2024 00:42:00,1.4666667,83,1018,20
07/28/2024 00:43:00,1.45,83,1018,20
07/28/2024 00:44:00,1.4,83,1018,20
07/28/2024 00:45:00,1.42,83,1018,20
07/28/2024 00:46:00,1.45,83,1018,20
07/28/2024 00:47:00,1.45,83,1018,20
07/28/2024 00:48:00,1.45,83,1018,20
07/28/2024 00:49:00,1.45,83,1018,20
07/28/2024 00:50:00,1.42,83,1018,20
07/28/2024 00:51:00,1.45,83,1018,20
07/28/2024 00:52:00,1.45,83,1018,20
07/28/2024 00:53:00,1.4,83,1018,20
07/28/2024 00:54:00,1.4,83,1018,20
07/28/2024 00:55:00,1.45,83,1018,20
07/28/2024 00:56:00,1.42,83,1018,20
07/28/2024 00:57:00,1.42,83,1018,20
07/28/2024 00:58:00,1.42,83,1018,20
07/28/2024 00:59:00,1.42,83,1018,20
07/28/2024 01:00:00,1.45,83,1018,20
07/28/2024 01:01:00,1.4285715,83,1018,20
07/28/2024 01:02:00,1.35,83,1018,20
07/28/2024 01:03:00,1.4,83,1018,20
07/28/2024 01:04:00,1.4,83,1018,20
07/28/2024 01:05:00,1.45,83,1018,20
07/28/2024 01:06:00,1.45,83,1018,20
07/28/2024 01:07:00,1.45,83,1018,20
07/28/2024 01:08:00,1.45,83,1018,20
07/28/2024 01:09:00,1.45,83,1018,20
07/28/2024 01:10:00,1.45,83,1018,20
07/28/2024 01:11:00,1.45,83,1018,20
07/28/2024 01:12:00,1.45,83,1018,20
07/28/2024 01:13:00,1.45,83,1018,20
07/28/2024 01:14:00,1.3833333,83,1018,20
07/28/2024 01:15:00,1.45,83,1018,20
07/28/2024 01:16:00,1.4666667,83,1018,20
07/28/2024 01:17:00,1.4,83,1018,20
07/28/2024 01:18:00,1.45,83,1018,20
07/28/2024 01:19:00,1.45,83,1018,20
07/28/2024 01:20:00,1.45,83,1018,20
07/28/2024 01:21:00,1.45,83,1018,20
07/28/2024 01:22:00,1.4,83,1018,20
07/28/2024 01:23:00,1.3666667,83,1018,20
07/28/2024 01:24:00,1.45,83,1018,20
07/28/2024 01:25:00,1.4666667,83,1018,20
07/28/2024 01:26:00,1.4166666,83,1018,20
07/28/2024 01:27:00,1.4166666,83,1018,20
07/28/2024 01:28:00,1.35,83,1018,20
07/28/2024 01:29:00,1.35,83,1018,20
07/28/2024 01:30:00,1.35,83,1018,20
07/28/2024 01:31:00,1.45,83,1018,20
07/28/2024 01:32:00,1.45,83,1018,20
07/28/2024 01:33:00,1.45,83,1018,20
07/28/2024 01:34:00,1.45,83,1018,20
07/28/2024 01:35:00,1.45,83,1018,20
07/28/2024 01:36:00,1.35,83,1018,20
07/28/2024 01:37:00,1.35,83,1018,20
07/28/2024 01:38:00,1.35,83,1018,20
07/28/2024 01:39:00,1.45,83,1018,20
07/28/2024 01:40:00,1.35,83,1018,20
07/28/2024 01:41:00,1.35,83,1018,20
07/28/2024 01:42:00,1.35,83,1018,20
07/28/2024 01:43:00,1.45,91,1018.7,20
07/28/2024 01:44:00,1.45,91,1018.7,20
07/28/2024 01:45:00,1.45,91,1018.7,20
07/28/2024 01:46:00,1.35,91,1018.7,20
07/28/2024 01:47:00,1.35,91,1018.7,20
07/28/2024 01:48:00,1.35,91,1018.7,20
07/28/2024 01:49:00,1.4,91,1018.7,20
07/28/2024 01:50:00,1.4,91,1018.7,20
07/28/2024 01:51:00,1.35,91,1018.7,20
07/28/2024 01:52:00,1.35,91,1018.7,20
07/28/2024 01:53:00,1.35,91,1018.7,20
07/28/2024 01:54:00,1.35,91,1018.7,20
07/28/2024 01:55:00,1.45,91,1018.7,20
07/28/2024 01:56:00,1.45,91,1018.7,20
07/28/2024 01:57:00,1.35,91,1018.7,20
07/28/2024 01:58:00,1.35,91,1018.7,20
07/28/2024 01:59:00,1.4,91,1018.7,20
07/28/2024 02:00:00,1.45,91,1018.7,20
